{"cameraMode":{"drawMode":0,"name":"Shaded","section":"Shading Mode"},"sceneLighting":false,"audioPlay":false,"sceneViewState":{"m_AlwaysRefresh":false,"showFog":false,"showSkybox":false,"showFlares":false,"showImageEffects":true,"showParticleSystems":true,"showVisualEffectGraphs":true,"m_FxEnabled":false},"in2DMode":false,"pivot":{"x":1.1904133558273316,"y":2.809999942779541,"z":-0.3292481303215027},"rotation":{"x":0.03236586973071098,"y":-0.0404670350253582,"z":0.001311854226514697,"w":0.9986587762832642},"size":0.8660253882408142,"orthographic":false}